"","plot","height_sd","height","sd","biomass"
"1",2,2.18041006949469,19.935075,173.953115344286,29492.41134
"2",9,1.45017076602758,17.982675,115.694623713681,23261.91246
"3",61,1.00408196347037,16.2921346153846,80.1056590456662,23227.17798
"4",64,1.44867135025965,18.0035581395349,115.575000323715,25078.19634
