"","plot","biomass"
"1",2,29492.41134
"2",9,23261.91246
"3",61,23227.17798
"4",64,25078.19634
